reward_today,future_reward,delay,key_resp.keys,k,,
78,80,162,l,0.000158278,,
67,75,119,l,0.001003386,,
49,60,89,l,0.002522357,,
40,55,62,t,0.006048387,,0.003905918
27,50,21,t,0.040564374,,
15,35,13,t,0.102564103,,
11,30,7,t,0.246753247,,